,units,n_back,n_dense,dropout,vloss
0,48.0,192.0,24.0,0.2,0.06672419607639313
1,24.0,240.0,24.0,0.2,0.0623951330780983
