,units,n_back,dropout,vloss,sec_elaps
4,72,120,0.0,0.0006152917630970478,884
2,72,192,0.0,0.0005649605882354081,1307
3,72,96,0.2,0.0005564590683206916,785
1,72,192,0.1,0.000551730627194047,1643
0,72,192,0.2,0.0005345623940229416,1555
