,t,persist,lstm,skill
0,2019-12-13,4.953501605679893,2.667018094531941,0.4615893348103842
